Name of Institution,Type,Acronym,Ownership,Url,Year
"Abubakar Tafawa Balewa University, Bauchi",University,ATBU,Federal,http://www.atbu.edu.ng,1988
"Ahmadu Bello University, Zaria",University,ABU,Federal,http://www.abu.edu.ng,1962
"Bayero University, Kano",University,BUK,Federal,http://www.buk.edu.ng,1975
"Federal University Gashua, Yobe",University,FUGA,Federal,http://www.fugashua.edu.ng,2013
"Federal University of Petroleum Resources, Effurun",University,FUPRE,Federal,http://www.fupre.edu.ng,2007
"Federal University of Technology, Akure",University,FUTA,Federal,http://www.futa.edu.ng,1981
"Federal University of Technology, Minna",University,FUTMINNA,Federal,http://www.futminna.edu.ng,1982
"Federal University of Technology, Owerri",University,FUTO,Federal,http://www.futo.edu.ng,1980
"Federal University, Dutse, Jigawa State",University,FUD,Federal,http://www.fud.edu.ng/,2011
"Federal University, Dutsin-Ma, Katsina",University,FUDMA,Federal,http://www.fudutsinma.edu.ng,2011
"Federal University, Kashere, Gombe State",University,FUK,Federal,http://www.fukashere.edu.ng,2011
"Federal University, Lafia, Nasarawa State",University,FULAFIA,Federal,http://www.fulafia.edu.ng,2011
"Federal University, Lokoja, Kogi State",University,FUL,Federal,http://www.fulokoja.edu.ng,2011
"Alex Ekwueme University, Ndufu-Alike, Ebonyi State",University,FUNAI,Federal,http://www.funai.edu.ng,2011
"Federal University, Otuoke, Bayelsa",University,FUO,Federal,http://www.fuotuoke.edu.ng/,2011
"Federal University, Oye-Ekiti, Ekiti State",University,FUOYE,Federal,http://www.fuoye.edu.ng/,2011
"Federal University, Wukari, Taraba State",University,FUWUKARI,Federal,http://www.fuwukari.edu.ng/,2011
"Federal University, Birnin Kebbi",University,FUBK,Federal,http://www.fubk.edu.ng,2013
"Federal University, Gusau Zamfara",University,FUGUS,Federal,http://www.fugusau.edu.ng,2013
Michael Okpara University of Agricultural Umudike,University,MOUAU,Federal,http://www.mouau.edu.ng,1992
"Modibbo Adama University of Technology, Yola",University,MAUTECH,Federal,http://www.mautech.edu.ng,1981
"National Open University of Nigeria, Lagos",University,NOUN,Federal,http://www.nou.edu.ng,2002
Nigeria Police Academy Wudil,University,POLAC,Federal,http://polac.edu.ng/,2013
Nigerian Defence Academy Kaduna,University,NDA,Federal,http://www.nda.edu.ng,1985
"Nnamdi Azikiwe University, Awka",University,UNIZIK,Federal,http://www.unizik.edu.ng,1992
"Obafemi Awolowo University,Ile-Ife",University,OAU,Federal,http://www.oauife.edu.ng,1962
"University of Abuja, Gwagwalada",University,UNIABUJA,Federal,http://www.uniabuja.edu.ng,1988
"Federal University of Agriculture, Abeokuta",University,FUNAAB,Federal,http://www.unaab.edu.ng,1988
"University of Agriculture, Makurdi",University,UAM,Federal,http://www.uam.edu.ng,1988
University of Benin,University,UNIBEN,Federal,http://www.uniben.edu.ng,1970
University of Calabar,University,UNICAL,Federal,http://www.unical.edu.ng,1975
University of Ibadan,University,UI,Federal,http://www.ui.edu.ng,1948
University of Ilorin,University,UIL,Federal,http://www.unilorin.edu.ng,1975
University of Jos,University,UNIJOS,Federal,http://www.unijos.edu.ng,1975
University of Lagos,University,UNILAG,Federal,http://www.unilag.edu.ng,1962
University of Maiduguri,University,UNIMAID,Federal,http://www.unimaid.edu.ng,1975
"University of Nigeria, Nsukka",University,UNN,Federal,http://www.unn.edu.ng,1960
University of Port-Harcourt,University,UNIPORT,Federal,http://www.uniport.edu.ng,1975
University of Uyo,University,UNIUYO,Federal,http://www.uniuyo.edu.ng,1991
Usumanu Danfodiyo University,University,UDU,Federal,http://www.udusok.edu.ng,1975
"Nigerian Maritime University Okerenkoko, Delta State",University,NMU,Federal,,2018
"Air Force Institute of Technology, Kaduna",University,AFIT,Federal,https://afit.edu.ng,2018
Nigerian Army University Biu,University,NAUB,Federal,https://naub.edu.ng/,2018
"Abia State University, Uturu",University,ABSU,State,http://www.absu.edu.ng,1981
Adamawa State University Mubi,University,ADSU,State,http://www.adsu.edu.ng,2002
"Adekunle Ajasin University, Akungba",University,AAUA,State,http://www.aaua.edu.ng,1999
"Akwa Ibom State University, Ikot Akpaden",University,AKSU,State,http://www.aksu.edu.ng,2010
"Ambrose Alli University, Ekpoma",University,AAU,State,http://www.aauekpoma.edu.ng,1980
"Chukwuemeka Odumegwu Ojukwu University, Uli",University,COOU,State,http://coou.edu.ng/,2000
"Bauchi State University, Gadau",University,BASUG,State,http://www.basug.edu.ng,2011
"Benue State University, Makurdi",University,BSU,State,http://www.bsum.edu.ng,1992
"Yobe State University, Damaturu",University,YSU,State,http://www.ysu.edu.ng,2006
"Cross River State University of Technology, Calabar",University,CRUTECH,State,http://www.crutech.edu.ng,2004
Delta State University Abraka,University,DELSU,State,http://www.delsu.edu.ng,1992
"Ebonyi State University, Abakaliki",University,EBSU,State,http://www.ebsu.edu.ng,2000
Ekiti State University,University,EKSU,State,http://www.eksu.edu.ng,1982
"Enugu State University of Science and Technology, Enugu",University,ESUT,State,http://www.esut.edu.ng,1982
"Gombe State Univeristy, Gombe",University,GSU,State,http://www.gomsu.org,2004
"Ibrahim Badamasi Babangida University, Lapai",University,IBBU,State,http://www.ibbu.edu.ng,2005
"Ignatius Ajuru University of Education,Rumuolumeni",University,IAUE,State,http://www.iaue.edu.ng,2010
"Imo State University, Owerri",University,IMSU,State,http://www.imsu.edu.ng,1992
"Sule Lamido University, Kafin Hausa, Jigawa",University,SLU,State,http://www.slu.edu.ng,2013
"Kaduna State University, Kaduna",University,KASU,State,http://www.kasu.edu.ng,2004
"Kano University of Science & Technology, Wudil",University,KUT,State,http://www.kustportal.edu.ng,2000
"Kebbi State University of Science and Technology, Aliero",University,KSUSTA,State,http://www.ksusta.edu.ng,2006
Kogi State University Anyigba,University,KSU,State,http://www.ksu.edu.ng,1999
"Kwara State University, Ilorin",University,KWASU,State,http://www.kwasu.edu.ng,2009
"Ladoke Akintola University of Technology, Ogbomoso",University,LAUTECH,State,http://www.lautech.edu.ng,1990
Ondo State University of Science and Technology Okitipupa,University,OSUSTECH,State,http://www.osustech.edu.ng,2008
River State University,University,RSU,State,http://www.rsu.edu.ng,1979
"Olabisi Onabanjo University,Ago Iwoye",University,OSU,State,http://www.oouagoiwoye.edu.ng,1982
"Lagos State University, Ojo",University,LASU,State,http://www.lasu.edu.ng,1983
Niger Delta University Yenagoa,University,NDU,State,http://www.ndu.edu.ng,2000
Nasarawa State University Keffi,University,NSUK,State,http://www.nsuk.edu.ng,2002
Plateau State University Bokkos,University,PLASU,State,http://www.plasu.edu.ng,2005
Tai Solarin University of Education Ijebu Ode,University,TASUED,State,http://www.tasued.edu.ng,2005
Umar Musa Yar' Adua University Katsina,University,UMYU,State,http://www.umyu.edu.ng,2006
Osun State University Osogbo,University,UNIOSUN,State,http://www.uniosun.edu.ng,2006
"Taraba State University, Jalingo",University,TSU,State,http://www.tsuniversity.edu.ng,2008
Sokoto State University,University,SSU,State,http://www.ssu.edu.ng,2009
Yusuf Maitama Sule University Kano,University,YUMSUK,State,http://www.nwu.edu.ng,2012
Oyo State Technical University Ibadan,University,TECH-U,State,https://tech-u.edu.ng/,2012
Ondo State University of Medical Sciences,University,UNIMED,State,http://www.unimed.edu.ng,2015
Edo University Iyamo,University,EUI,State,http://www.edouniversity.edu.ng/,2016
"Eastern Palm University Ogboko, Imo State",University,EPU,State,https://www.epu.edu.ng/,2016
"University of Africa Toru Orua, Bayelsa State",University,UAT,State,https://www.uat.edu.ng/public/,2016
"Bornu State University, Maiduguri",University,BSUMAID,State,https://www.bosu.edu.ng,2016
Moshood Abiola University of Science and Technology Abeokuta,University,MAUSTECH,State,https://www.mapoly.edu.ng,2017
Gombe State University of Science and Technology,University,GSUST,State,https://www.gsu.edu.ng,2017
Zamfara State University,University,ZSU,State,,2018
"Achievers University, Owo",University,AUO,Private,http://www.achievers.edu.ng,2007
"Adeleke University, Ede",University,AUE,Private,http://www.adelekeuniversity.edu.ng,2011
"Afe Babalola University, Ado-Ekiti - Ekiti State",University,ABUAD,Private,http://www.abuad.edu.ng,2009
"African University of Science & Technology, Abuja",University,AUST,Private,http://aust.edu.ng,2007
"Ajayi Crowther University, Ibadan",University,ACU,Private,http://www.acu.edu.ng,2005
"Al-Hikmah University, Ilorin",University,HUI,Private,https://www.alhikmah.edu.ng,2005
"Al-Qalam University, Katsina",University,AUK,Private,http://www.auk.edu.ng,2005
"American University of Nigeria, Yola",University,AUN,Private,http://www.aun.edu.ng,2003
Augustine University,University,AUI,Private,http://www.augustineuniversity.edu.ng/,2015
"Babcock University,Ilishan-Remo",University,BABCOCK,Private,http://www.babcock.edu.ng,1999
Baze University,University,BAZE,Private,http://www.bazeuniversity.edu.ng,2011
"Bells University of Technology, Otta",University,BUT,Private,http://www.bellsuniversity.org,2005
"Benson Idahosa University, Benin City",University,BIU,Private,http://www.idahosauniversity.com,2002
"Bingham University, New Karu",University,BHU,Private,http://www.binghamuni.edu.ng,2005
"Bowen University, Iwo",University,BOWEN,Private,http://www.bowenuniversity-edu.org,2001
"Caleb University, Lagos",University,CUL,Private,http://www.calebuniversity.edu.ng,2007
"Caritas University, Enugu",University,CAU,Private,http://www.caritasuni.edu.ng/,2005
Chrisland University,University,CHRISLAND,Private,http://www.chrislanduniversity.edu.ng,2015
Covenant University Ota,University,CUOTA,Private,http://www.covenantuniversity.edu.ng/,2002
Crawford University Igbesa,University,CUI,Private,http://www.crawforduniversity.edu.ng,2005
Crescent University,University,CUAB,Private,http://www.crescent-university.edu.ng,2005
"Edwin Clark University, Kaigbodo",University,ECU,Private,http://www.edwinclarkuniversity.edu.ng/,2015
"Elizade University, Ilara-Mokin",University,EUI,Private,http://www.elizadeuniversity.edu.ng,2012
"Evangel University, Akaeze",University,EUA,Private,http://www.evangeluniversity.edu.ng,2012
"Fountain Unveristy, Oshogbo",University,FUO,Private,http://www.fountainuniversity.edu.ng,2007
"Godfrey Okoye University, Ugwuomu-Nike - Enugu State",University,GOU,Private,http://www.gouni.edu.ng,2009
"Gregory University, Uturu",University,GUU,Private,http://www.gregoryuniversity.com,2012
"Hallmark University, Ijebi Itele, Ogun",University,HU,Private,http://www.hallmark.edu.ng,2015
"Hezekiah University, Umudi",University,UNIHEZ,Private,http://hezekiah.edu.ng/,2015
Igbinedion University Okada,University,IUO,Private,http://www.iuokada.edu.ng,1999
"Joseph Ayo Babalola University, Ikeji-Arakeji",University,JABU,Private,http://www.jabu.edu.ng,2006
"Kings University, Ode Omu",University,UNIKINGS,Private,http://www.kingsuniversity.edu.ng/,2015
"Kwararafa University, Wukari",University,KWU,Private,http://www.wukarijubileeuniversity.org,2005
"Landmark University, Omu-Aran.",University,LMU,Private,http://www.lmu.edu.ng,2011
"Lead City University, Ibadan",University,LCU,Private,http://www.lcu.edu.ng,2005
"Madonna University, Okija",University,MUO,Private,http://www.madonnauniversity.edu.ng,1999
"Mcpherson University, Seriki Sotayo, Ajebo",University,MCU,Private,http://www.mcu.edu.ng,2012
Micheal & Cecilia Ibru University,University,MCIU,Private,http://mciu.edu.ng/,2015
Mountain Top University,University,MTU,Private,http://www.mountaintopuniversity.org/,2015
"Nile University of Nigeria, Abuja",University,NTNU,Private,http://www.ntnu.edu.ng,2009
"Novena University, Ogume",University,NUO,Private,http://www.novenauniversity.edu.ng,2005
"Obong University, Obong Ntak",University,OUO,Private,http://www.obonguniversity.net,2007
"Oduduwa University, Ipetumodu - Osun State",University,OUI,Private,http://www.oduduwauniversity.edu.ng,2009
"Pan-Atlantic University, Lagos",University,PAU,Private,http://www.pau.edu.ng,2002
"Paul University, Awka - Anambra State",University,PUA,Private,http://www.pauluniversity.edu.ng,2009
"Redeemer's University, Ede",University,RUN,Private,http://www.run.edu.ng,2005
"Renaissance University, Enugu",University,RNU,Private,http://www.renaissanceuniversityng.com,2005
"Rhema University, Obeama-Asa - Rivers State",University,RURivers,Private,http://www.rhemauniversity.edu.ng,2009
"Ritman University, Ikot Ekpene, Akwa Ibom",University,RU,Private,http://www.ritmanuniversity.edu.ng,2015
"Salem University, Lokoja",University,SU,Private,http://www.salemuniversity.org,2007
"Samuel Adegboyega University, Ogwa.",University,SAU,Private,http://www.sau.edu.ng,2011
"Southwestern University, Oku Owa",University,SUNOGWA,Private,http://www.southwesternuniversity.edu.ng,2012
Summit University,University,SUNO,Private,http://www.summituniversity.edu.ng,2015
"Tansian University, Umunya",University,TANU,Private,http://tansianuniversity.edu.ng/,2007
"University of Mkar, Mkar",University,NKST,Private,http://www.unimkar.edu.ng,2005
"Veritas University, Abuja",University,VUNA,Private,http://www.veritas.edu.ng,2007
"Wellspring University, Evbuobanosa - Edo State",University,WU,Private,http://www.wellspringuniversity.net,2009
"Wesley University. of Science & Technology, Ondo",University,WUSTO,Private,http://www.wusto.edu.ng,2007
"Western Delta University, Oghara Delta State",University,WDU,Private,http://wdu.edu.ng,2007
Christopher University Mowe,University,CU,Private,http://www.christopheruniversity.edu.ng/,2015
"Kola Daisi University Ibadan, Oyo State",University,KDU,Private,http://www.koladaisiuniversity.edu.ng/,2016
Anchor University Ayobo Lagos State,University,AUL,Private,http://www.aul.edu.ng/,2016
Dominican University Ibadan Oyo State,University,DU,Private,http://www.dui.edu.ng/,2016
"Legacy University, Okija Anambra State",University,LUO,Private,http://www.legacyuniversity.edu.ng/,2016
Arthur Javis University Akpoyubo Cross river State,University,AJU,Private,http://www.arthurjarvisuniversity.edu.ng/,2016
"Crown Hill University Eiyenkorin, Kwara State",University,CHU,Private,http://www.crownhilluniversity.edu.ng,2016
Coal City University Enugu State,University,CCU,Private,http://www.portal.ccu.edu.ng,2016
Clifford University Owerrinta Abia State,University,CLU,Private,http://www.clifforduni.edu.ng/,2016
"Admiralty University, Ibusa Delta State",University,ADUN,Private,http://www.adun.edu.ng,2017
"Spiritan University, Nneochi Abia State",University,SUN,Private,http://www.spiritanuniversity.edu.ng,2017
"Precious Cornerstone University, Oyo",University,PCU,Private,http://www.pcu.edu.ng,2017
"PAMO University of Medical Sciences, Portharcourt",University,PUMS,Private,http://www.pums.edu.ng,2017
Atiba University Oyo,University,OAU,Private,http://www.atibauniversity.edu.ng,2017
"Eko University of Medical and Health Sciences Ijanikin, Lagos",University,EKOUNIVMED,Private,http://www.ekounivmed.edu.ng,2017
"Skyline University, Kano",University,SUK,Private,http://www.sun.edu.ng,2018
"Akanu Ibiam Federal Polytechnic Unwana, P.M.B 1007, Afikpo, Ebonyi State.",Polytechnic,AKANUIBIAMFEDPOLY,Federal,www.akanuibiampoly.edu.ng,1981
"Auchi Polytechnic, Auchi, Edo State.",Polytechnic,AUCHIPOLY,Federal,www.auchipoly.edu.ng,1973
"Federal Polytechnic Ado Ekiti, Ekiti State.",Polytechnic,FEDPO-ADO,Federal,www.fedpolyado.edu.ng,1977
"Federal Polytechnic Bali, Taraba State.",Polytechnic,FEDPOBALI,Federal,www.fedpobali.edu.ng,2007
"Federal Polytechnic Bauchi, P.M. B 231, Bauchi State.",Polytechnic,FEDPO-BAU ,Federal,www.fptb.edu.ng,1979
"Federal Polytechnic Bida, P.M.B 55, Niger State.",Polytechnic,FEDPO-BID,Federal,www.fedpolybida.edu.ng,1977
"Federal Polytechnic Damaturu, P.M.B 1006, Yobe State.",Polytechnic,FEDPO-DAM ,Federal,www.fedpodam.edu.ng,1993
"Federal Polytechnic Ede, Osun State.",Polytechnic,FEDPO-EDE ,Federal,www.federalpolyede.edu.ng,1992
"Federal Polytechnic Ekowe, Bayelsa State",Polytechnic,FEDPO-EKO,Federal,,2007
"Federal Polytechnic Idah P.M.B 1035, Kogi State.",Polytechnic,FEDPO-IDA,Federal,www.fepoda.edu.ng,1977
"Federal Polytechnic Ilaro, P.M.B 50, Ogun State.",Polytechnic,FEDPO-ILA,Federal,www.federalpolyilaro.edu.ng,1979
"Federal Polytechnic Ile-Oluji, Ondo State",Polytechnic,FEDPOLEL,Federal,www.fedpolel.edu.ng,2016
"Federal Polytechnic Kaura Namoda, P.M.B, 1012, Zamfara State.",Polytechnic,FEDPO-NAM,Federal,www.fedpolykaura.edu.ng,1983
"Federal Polytechnic Mubi, PMB 35 Mubi, Adamawa State.",Polytechnic,FEDPO-MUB ,Federal,www.federalpolytechnicmubi.edu.ng,1979
"Federal Polytechnic Nasarawa, P.M.B. 01 Nasarawa State.",Polytechnic,FEDPO-NAS,Federal,www.fedpolynasarawa.edu.ng,1983
"Federal Polytechnic Nekede, P.M.B 1036, Owerri, Imo State.",Polytechnic,FEDPO-NEK,Federal,www.fpno.edu.ng,1977
"Federal Polytechnic Offa, P.M.B 420, Kwara State.",Polytechnic,FEDPO-FFA,Federal,www.fpo.edu.ng,1992
"Federal Polytechnic Oko, Anambra State.",Polytechnic,FEDPO-OKO,Federal,www.federalpolyoko.edu.ng,1982
"Federal Polytechnic of Oil and Gas Bonny, Rivers State",Polytechnic,FPOG,Federal,www.fedpolybonny.edu.ng,2014
"Federal Polytechnic Ukana, Akwa Ibom State",Polytechnic,FEDPOLYUKANA,Federal,,2014
"Hussaini Adamu Federal Polytechnic, P.M.B 5004, Kazaure Jigawa State.",Polytechnic,HAFED,Federal,www.hafedpoly.edu.ng,1991
"Kaduna Polytechnic, Kaduna.",Polytechnic,KAD-POLY,Federal,www.kadunapolytechnic.edu.ng,1956
National Institute of Construction Technology Uromi,Polytechnic,NICTM,Federal,www.nict.edu.ng,2014
"Waziri Umaru Federal Polytechnic,P.M.B. 1034, Birnin Kebbi.",Polytechnic,WUFPOBK,Federal,www.wufpbk.edu.ng,1976
"Yaba College of Technology, P.M.B. 2011, Yaba, Lagos State.",Polytechnic,YABATECH,Federal,www.yabatech.edu.ng,1947
"Airforce Institute of Technology (AFIT),NAF Base Kaduna",Polytechnic,AFIT,Federal,www.afit.edu.ng,1977
Petroleum Training Institute Effurun,Polytechnic,PTI,Federal,www.pti.edu.ng,1972
Nigerian Army Institute of Technology and Environmental Science (NAITES) Makurdi,Polytechnic,NAITES,Federal,www.naitesmkd.edu.ng,1960
"Federal School of Dental Technology and Therapy, Enugu, Enugu, State ",Polytechnic,FEDSTEN,Federal,fedcodtten.eu.ng,1978
"Abdu Gusau Polytechnic, Talata Mafara",Polytechnic,AGP,State,www.abdugusaupolymafara.com.ng/,1992
"Abia State Polytechnic, Aba,",Polytechnic,ABIAPOLY,State,abiastatepolytechnic.edu.ng/,1992
"Abraham Adesanya Polytechnic, Dogbolu/Akanran Ibadan Road, Atikori, Ijebu Igbo,",Polytechnic,ZACAS,State,www.zacas.com.ng/,2004
"Abubakar Tatari Ali Polytechnic, Bauchi,",Polytechnic,ATAPOLY,State,atapoly-bauchi.edu.ng,1988
"Adamawa State Polytechnic, Yola,",Polytechnic,AD-POL,State,https://adamawastatepoly.edu.ng/,1991
"Akwa Ibom State College of Art & Science, Nung Ukim,",Polytechnic,AICAS,State,www.akwatech.edu.ng/,1997
"Akwa Ibom State Polytechnic,",Polytechnic,AKPOLY,State,https://akwaibompoly.edu.ng/,1991
"Bayelsa State College of Arts and Science,Elebele,",Polytechnic,BYCAS,State,,2002
"Benue State Polytechnic, Ugbokolo,",Polytechnic,BENPOLY,State,benpoly.net,1976
"Binyaminu Usman Polytechnic, Hadejia,",Polytechnic,BUPOLY,State,bupoly.edu.ng,2016
"Cross River State Institute of Technology And Management, Ugep",Polytechnic,CR-ITM,State,critm.edu.ng,2012
"D.S. Adegbenro ICT Polytechnic, Itori-Ewekoro,",Polytechnic,DSAP,State,dsadegbenropoly.edu.ng/,2004
"Delta State Polytechnic, Ogwashi-Uku,",Polytechnic,OGWASHIPOLY,State,https://mydspg.edu.ng/,2002
"Delta State Polytechnic, Otefe-Oghara,",Polytechnic,OGARAPOLY,State,https://ogharapoly.edu.ng/,2002
"Delta State Polytechnic, Ozoro,",Polytechnic,OZOROPOLY,State,https://dspz.edu.ng/wp/,2003
"Edo State Institute of Technology and Management, Usen.",Polytechnic,ESITM,State,www.esitmusen.edu.ng/,2002
"Gateway Polytechnic, Saapade Prof. Wole Soyinka Way, Saapade Estate,",Polytechnic,GAPOSA,State,http://new.gaposa.edu.ng/,2004
"Hassan Usman Katsina Polytechnic (HUK),",Polytechnic,HUK,State,hukpoly.edu.ng,1983
"Ibarapa Polytechnic, Eruwa",Polytechnic,IBARAPAPOLY,State,http://www.theibarapapoly.edu.ng/,2013
"Imo State Polytechnic, Umuagwo, Ohaji,",Polytechnic,IMO-POLY,State,imopoly.edu.ng,1978
"Institute of Management and Technology, Enugu,",Polytechnic,IMT- ENUGU,State,imt.edu.ng,1965
"Jigawa State Polytechnic, Dutse",Polytechnic,JIG-POLY,State,jigpoly.edu.ng,1991
"Kano State Polytechnic, Kano,",Polytechnic,KANO-POLY,State,kanopoly.edu.ng,1976
"Ken Sarowiwa Polytechnic, Bori,",Polytechnic,KEN-POLY,State,kenpoly.edu.ng,1988
"Kogi State Polytechnic, Lokoja,",Polytechnic,KSP,State,kogistatepolytechnic.edu.ng/,1993
"Kwara State Polytechnic, Ilorin",Polytechnic,KWARA-POLY,State,kwarastatepolytechnic.edu.ng/,1973
"Lagos State Polytechnic, Ikorodu,",Polytechnic,LASPOTECH,State,mylaspotech.edu.ng,1977
"Mai-Idris Alooma Polytechnic, Geidam,",Polytechnic,MAI-POLY,State,maipoly.edu.ng,2002
"Nasarawa State Polytechnic,",Polytechnic,NASPOLY,State,nasarawastatepoly.edu.ng,2001
"Niger State Polytechnic, Zungeru,",Polytechnic,NIGER-POLY,State,http://www.polyzungeruonline.com/,1991
"Nuhu Bamalli Polytechnic, Zaria,",Polytechnic,NUBAPOLY,State,nubapoly.edu.ng,1989
"Ogun State Institute of Technology, Igbesa",Polytechnic,OGITECH,State,ogitech.edu.ng,2004
"Ogun State Polytechnic, Ipokia",Polytechnic,OGUNPOLY,State,mapoly.edu.ng,2017
"Oke-Ogun Polytechnic, Shaki,",Polytechnic,OKE-OGUNPOLY,State,www.tops.edu.ng,2013
"Osun State College of Technology,",Polytechnic,OSCOTECH,State,oscotechesaoke.edu.ng,1991
"Osun State Polytechnic, Iree,",Polytechnic,OSPOLY,State,ospoly.edves.net,1992
"Plateau State Polytechnic, Barkin-Ladi,",Polytechnic,PLA-POLY,State,plapoly.org,1978
Port-Harcourt Polytechnic,Polytechnic,PHPOLY,State,www.port-harcourtpoly.edu.ng,1991
"Ramat Polytechnic, Maiduguri,",Polytechnic,RAMAT,State,ramatpoly.edu.ng,1976
"Rufus Giwa Polytechnic, Owo,",Polytechnic,RUGIPO,State,rugipo.edu.ng,1979
"The Polytechnic Ibadan,",Polytechnic,POLY-IBADAN,State,polyibadan.edu.ng,1970
"Umaru Ali Shinkafi Polytechnic, Sokoto,",Polytechnic,SOSPOLY,State,sospoly.edu.ng,2000
"Zamfara State College of Arts and Science, Sani Abacha Way, Sokoto Road,",Polytechnic,ZACASZAMFARA,State,www.zacas.com.ng,2000
Al-Hikma Polytechnic Karu ,Polytechnic,Al-HIKMA,Private,www.al-hikmapolytechnic.com,2016
"Allover Central Polytechnic, Sango Ota,",Polytechnic,AllOverPoly,Private,,1998
"Ajayi Polytechnic Ikere Ekiti, Ekiti State",Polytechnic,AJAYIPOLY,Private,ajayipolytechnic.edu.ng,2017
"Ashi Polytechnic, Anyiin, Logo Local Government ",Polytechnic,ASHIPOLY,Private,,2018
"Best Solution Polytechnic, Akure",Polytechnic,BESTPOLY,Private,bestpotech.edu.ng,2016
"Bolmor Polytechnic, ",Polytechnic,BOLMORPOLY,Private,bpi.edu.ng,2015
"Calvary Polytechnic, Owa-Oyibo, Delta State",Polytechnic,CALVARYPOLY,Private,calvarypoly.edu.ng,2016
"Citi Polytechnic, FCT Abuja.",Polytechnic,CITIPOLY,Private,citipoly.com.ng,2018
"College of Technology, Iresi, Osun State",Polytechnic,CTI,Private,www.thepolytechniciresi.edu.ng,2014
"Covenant Polytechnic, Abia State.",Polytechnic,CPA,Private,covenantpolytechnic.com,2010
"Crown Polytechnic, Ekiti State",Polytechnic,CROWNPOLY,Private,crownpolytechnic.edu.ng,2008
"Dorben Polytechnic, Bwari, Abuja.",Polytechnic,DORBENPOLY,Private,poly.dorben.edu.ng,1995
"Eastern Polytechnic, Rivers State.",Polytechnic,EASTERNPOLY,Private,easternpolytechnic.org,2015
"Fidei Polytechnic, Gboko, Benue State.",Polytechnic,FIDEIPOLY,Private,fideipoly.edu.ng,2007
"Gboko Polytechnic, Benue State",Polytechnic,GBOKO,Private,https://www.portal-gbokopoly.org/,2016
"Global Polytechnic, Akure, Ondo State",Polytechnic,GLOBALPOLY,Private,theglobalpolytechnic.edu.ng,2016
"Grace Polytechnic, Surulere, Lagos State.",Polytechnic,GRACEPOLY,Private,gracepolytechnic.edu.ng,1962
"Heritage Polytechnic, Akwa Ibom State",Polytechnic,HERITAGEPOLY,Private,heritagepoly.edu.ng,2010
"Ibadan City Polytechnic, Oyo State",Polytechnic,ICP,Private,www.icp.edu.ng,2015
"Igbajo Polytechnic, Igbajo, Osun State.",Polytechnic,IGBAJOPOLY,Private,igbajopolytechnic.edu.ng,2009
"Interlink Polytechnic, Osun State",Polytechnic,INTERLINK,Private,interlinkpolytechnic.edu.ng,2008
"Kalac Christal Polytechnic, Lekki, Lagos State.",Polytechnic,KCPOLY,Private,www.kcpoly.ng,2014
"Kings Polytechnic, Ubiaja, Edo State",Polytechnic,KINGSPOLY,Private,kingspolytechnic.com,2010
"Landmark Polytechnic, Ayetoro/Itele Ogun State",Polytechnic,LANDMARKPOLY,Private,www.landmarkpolytechnic.edu.ng,2018
"Lagos City Polytechnic, Ikeja, Lagos State.",Polytechnic,LAGOSCITYPOLY,Private,,1990
"Lens Polytechnic, Kawara State",Polytechnic,LENSPOLYTECNIC,Private,,2016
"Lighthouse Polytechnic, ",Polytechnic,LIGHTHOUSEPOLY,Private,,2008
"Marist Polytechnic, Umuchigbo, Iji-Nike, Emene, Enugu State",Polytechnic,MARISTPOLY,Private,,2016
Mater Dei Polytechnic,Polytechnic,MATER-DEIPOLY,Private,,2018
"Nacabs Polytechnic, Akwanga, Nasarawa State",Polytechnic,NACABSPOLY,Private,,2013
"Nogak Polytechnic, Ikom, Cross Rivers State",Polytechnic,NAGOKPOLY,Private,,2012
"Our Saviour Institute of Science, Agriculture & Technology, Enugu,",Polytechnic,OSISATECH,Private,,1989
"Prime Polytechnic, Jida Bassa, Ajaokuta, Kogi State.",Polytechnic,PRIME-PLOY,Private,,2015
"Redeemers College of Technology and Management (RECTEM), ",Polytechnic,RECTEM,Private,www.rectem.edu.ng,2018
Ronik Polytechnic Lagos State.,Polytechnic,RONICPOLY,Private,,2001
"Saf Polytechnic, Iseyin Oyo State.",Polytechnic,SAFPOLY,Private,,2018
"Savanah Institute of Technology, Ishieke Junction, Enugu",Polytechnic,SAVANAH,Private,www.savannah.edu.ng,2017
"Shaka Polytechnic, Ogiso, ",Polytechnic,SHAKAPOLY,Private,,2013
"St. Mary Polytechnic, Kwamba, Niger State",Polytechnic,MARYPOLY,Private,,2015
Sure Foundation Polytechnic Akwa Ibom State,Polytechnic,SUREPOLY,Private,www.sfp.edu.ng,2016
"Temple Gate Polytechnic, Abayi,",Polytechnic,TAMPLE-GATEPOLY,Private,,2009
"The Polytechnic, Igbo-Owu, Kwara State",Polytechnic,IGBO-OWOPOLY,Private,,2015
"The Polytechnic, Ile Ife, ",Polytechnic,ILE-IFEPOLY,Private,,1994
"The Polytechnic, Imesi-Ile Osun State acronym",Polytechnic,TPII,Private,,2013
"The Polytechnic Otada Adoka, ",Polytechnic,OTADA-ADOKAPOLY,Private,www.thepolytechnicadoka.edu.ng,2016
"Tower Polytechnic, Ibadan, ",Polytechnic,TOWERPOLY,Private,,2010
"Trinity Polytechnic Uyo, Akwa Ibom State",Polytechnic,TRINITYPOLY,Private,,2016
"Uma Ukpai Polytechnic, Asaga Ohafia, Abia State",Polytechnic,UMA-OKPAIPOLY,Private,,2017
"Uyo City Polytechnic,",Polytechnic,OYO-CITYPOLY,Private,,2014
"Valley View Polytechnic, Ohafia, Abia State",Polytechnic,VVP-POLY,Private,,2016
"Wolex Polytechnic, Iwo.",Polytechnic,WOLEXPOLY,Private,,1996
"Federal College of Education (Technical), Asaba",College,FCET,Federal,,
"Federal College of Education, Kano",College,FCEKANO,Federal,,
"Federal College of Education (Special), Oyo",College,FCES,Federal,www.fceoyo.edu.ng,
"Federal College of Education, Abeokuta",College,FCEA,Federal,www.fce.abeokuta.edu.ng,
"Federal College of Education, Eha-Amufu",College,FCEAHAAMUFU,Federal,,
"Federal College of Education (Technical), Gombe",College,FCAG,Federal,,
"Federal College of Education, Kontagora",College,FCAKG,Federal,,
"Federal College of Education, Okene",College,FCEOKENE,Federal,www.fceokene.edu.ng,
"Federal College of Education (Technical), Omoku",College,FCETOMOKU,Federal,,
"Federal College of Education (Tech), Potiskum",College,FCETPOTISKUM,Federal,,
"Alvan Ikoku College of Education, Owerri",College,FCEAI,Federal,www.alvanikoku.net,
"Federal College of Education (Technical), Akoka",College,FCETEKOLA,Federal,,
"Federal College of Education (Technical), Bichi",College,FCETBICHI,Federal,,
"Federal College of Education (Technical), Gusau",College,FCEGUSAU,Federal,,
"Federal College of Education, Katsina",College,FCEKATSINA,Federal,,
"Federal College of Education, Obudu",College,FCEOBUDU,Federal,www.fceobudu.edu.ng,
"Adeyemi College of Education, Ondo",College,ACEONDO ,Federal,,
"Federal College of Education, Pankshin",College,FCEPANKSHIN,Federal,,
"Federal College of Education, Yola",College,FCEYOLA,Federal,www.fceyolanigeria.org,
"Federal College of Education, Zaria10.",College,FCEZARIA,Federal,,
"Nigerian Army School of Education (NASE), Ilorin",College,NASE,Federal,,
"Federal College of Education (T), Umunze",College,FCEUMUNZU,Federal,www.fcetumunze.edu.ng,
"College of Education, Gindiri",College,COEGINDIRI,State,,
"Adamawa State College of Education, Hong",College,ADSCOEH,State,,
"Tai Solarin College of Education, Ijebu-Ode",College,TASUED,State,www.tasce.edu.ng,
"College of Education, Ikere-Ekiti",College,COEIKERE,State,www.coeikere.edu.ng,
"Ebonyi State College of Education, Ikwo",College,EBSCOED,State,,
"College of Education, Warri",College,COEWARRI,State,www.coewarri.edu.ng,
"FCT College of Education, Zuba",College,FCTCOEZUBA,State,,
"Osisatech College of Education, Enugu",College,OSISATECH,State,,
"Nasarrawa State College of Education, Akwanga",College,COEAKWANGA,State,,
"Isa Kaita College of Education, Dutsin-Ma",College,IKCOED,State,,
"College of Education, Ekiadolor-Benin",College,COEEKI,State,,
"College of Education, Gashua, Damaturu",College,USCOEGA,State,,
"Kaduna State College of Education, Gidan-Waya, Kafanchan",College,COEKC,State,,
"Osun State College of Education, Ilesa",College,COEILESA,State,,
"Kwara State College of Education, Ilorin",College,KWCOEILORIN,State,,
"College of Education, katsina-Ala",College,COEKATSINA,State,,
"Sa'adatu Rimi College of Education, Kumbotso, Kano",College,SRCOE,State,,
"College of Education (Technical), Lafiagi",College,COEDLFG,State,,
"Nwafor Orizu College of Education, Nsugbe",College,NOCEN,State,,
"Adeniran Ogunsanya College of Education, Otto/Ijanikin",College,AOCOED,State,www.aocoed.edu.ng,
"Emmanuel Alayande College of Education (EACOED), Oyo",College,EACOED,State,www.eacoed.com,
"College of Education, Waka BIU",College,COEWAKABIU,State,,
"St. Augustine College of Education (Project Time), Lagos",College,SACOED,State,,
"Delta State College of Education, Agbor",College,DELSU,State,,
"Akwa Ibom State College of Education, Afahansit",College,AKSCOE,State,,
"Kogi State College of Education, Ankpa",College,COEANKPA,State,,
"Adamu Augie College of Education, Argungu",College,ADACOED,State,,
"College of Education, Azare",College,COEAZARE,State,,
"Umar Ibn Ibrahim El-Kanemi College of Education, Science and Technology, Bama",College,COEBAMA,State,,
"College of Education, Jalingo",College,COEJALINGO,State,,
"Zamfara State College of Education, Maru",College,COEMARU,State,,
"Jigawa State College of Education, Gumel",College,JIGCOED,State,,
"Niger State College of Education, Minna",College,COEMINNA,State,,
"Rivers College of Education, Rumuolumeni",College,IAUOE,State,,
"Shehu shagari College of Education, Sokoto",College,SSCOESOK,State,,
"Jama'Atu College of Education (JACE), Kaduna",College,JACE,State,,
"College of Education, Arochukwu, Abia",College,ASCOED,State,,
"College of Education, Ila-Orangun, Osun State",College,OSSCEILA,State,,
"Michael Otedola Coll. of Prim. Education, Lagos",College,MOCPED,State,,
"Kashim Ibrahim College of Educ., Maiduguri",College,KICOEM,State,,
"Delta State Coll. of Physical Education, Mosogar",College,MOSOGAR,State,,
"Enugu State Coll. of Education (T), Enugu",College,ESCET,State,,
"Cross River State Coll. of Education, Akampa",College,CRSCOED,State,,
"Edo State College of Education, Igueben",College,COEIGUEBEN,State,,
"Isaac Jasper Boro COE, Sagbama",College,IJBCOE,State,,
"Kogi State College of Education, Kabba",College,KGSCOEKABBA,State,,
"Institute of Ecumenical Education, (Thinkers Corner), Enugu",College,IECEEunugu,Private,,
Delar College of Education,College,DELARCOED,Private,,
"City College of Education, Mararaba, Gurku",College,COEMARARABA,Private,,
"Ansar-Ud-Deen College of Education, Isolo",College,ADCOED,Private,,
"Yewa Central College of Education, Ayetoro",College,YEWACOED,Private,,
"OSISA Tech. Coll. of Education, Enugu",College,OSISATECH,Private,,
"St. Augustine Coll. of Education, Lagos",College,SACOED,Private,,
"African Thinkers Community of Inquiry, Enugu",College,ATCOICOED,Private,,
"Muftau Olanihun College of Education, Ibadan",College,SEAIJA,Private,,
"Havard Wilson College of Education, Aba",College,HWCOED,Private,,
"Muhyideen College of Education, Ilorin",College,MCOED,Private,,
"College of Education, Offa",College,COEILEMONA,Private,,
"Bauchi Institute of Arabic & Islamic Studies, Bauchi",College,BIAIS,Private,,
"Corner Stone College of Education, lagos",College,CORNERSTONE,Private,,
"Peaceland College of Education, Enugu",College,PCE,Private,"www.peaceland.edu,ng",
"The College of Education, Nsukka",College,TCEN,Private,,
"Unity College of Education, Auka Adoka, Benue",College,EEDU,Private,,
"DIAMOND COLLEGE OF EDUCATION, ABA",College,DCOE,Private,www.dce.edu.ng,
"Kinsey College of Education, Ilorin, Kwara State",College,KINSEYCOED,Private,www.kinseycollege.edu.ng,
"ECWA College of Education, Jos (ECOEJ)",College,ECOEJ,Private,www.jets.edu.ng,
